{
  "nodeVersion": "v22.16.0",
  "platform": "darwin arm64",
  "v8Version": "12.4.254.21-node.26",
  "timestamp": "2025-06-18T23:47:15.179Z",
  "results": {
    "jsonProcessing": 7076.9868750000005,
    "stringProcessing": 8.613666999999623,
    "arrayProcessing": 3.7331670000003214,
    "promiseProcessing": 1.9169169999995574,
    "httpSimulation": 1.3334580000000642
  },
  "baselines": {
    "jsonProcessing": 450,
    "stringProcessing": 180,
    "arrayProcessing": 25,
    "promiseProcessing": 85,
    "httpSimulation": 120
  },
  "overallImprovement": -219.14964000522892
}